{"cameraMode":{"drawMode":0,"name":"Shaded","section":"Shading Mode"},"sceneLighting":true,"audioPlay":false,"sceneViewState":{"m_AlwaysRefresh":false,"showFog":true,"showSkybox":true,"showFlares":true,"showImageEffects":true,"showParticleSystems":true,"showVisualEffectGraphs":true,"m_FxEnabled":true},"in2DMode":false,"pivot":{"x":12.301979064941407,"y":8.066742897033692,"z":9.326334953308106},"rotation":{"x":0.023655636236071588,"y":0.9719129204750061,"z":-0.20594589412212373,"w":0.11157301813364029},"size":5.832211494445801,"orthographic":false}